{
  "delta": 0.039171426367067774,
  "ndcg_reranked": {
    "ci95_halfwidth": 0.00039266711980762647,
    "mean": 0.18653160886570266,
    "n": 3,
    "std": 0.00034699969488191044,
    "values": [
      0.18691754929971352,
      0.18624538483218137,
      0.18643189246521313
    ]
  },
  "ndcg_stage1": {
    "ci95_halfwidth": 0.004577194864973516,
    "mean": 0.1473601824986349,
    "n": 3,
    "std": 0.0040448643174885186,
    "values": [
      0.1461314903321491,
      0.14407213649279907,
      0.1518769206709565
    ]
  },
  "reference_std": 0.0040448643174885186,
  "within_noise": false
}